<CycloneDDS xmlns="https://cdds.io/config" xmlns:xsi="http://www.w3.org/2001/XMLSchema-instance" xsi:schemaLocation="https://cdds.io/config https://raw.githubusercontent.com/eclipse-cyclonedds/cyclonedds/master/etc/cyclonedds.xsd">
    <Domain>
        <General>
            <!-- <NetworkInterfaceAddress>auto</NetworkInterfaceAddress> -->
            <AllowMulticast>true</AllowMulticast>
            <EnableMulticastLoopback>true</EnableMulticastLoopback>
            <Interfaces>
                <!-- <NetworkInterface name="eno2" priority="0" multicast="true" /> -->
                <NetworkInterface name="wlo1" priority="1" multicast="true" />
            </Interfaces>
        </General>
        <Discovery>
            <ParticipantIndex>auto</ParticipantIndex>
            <Peers>
                <Peer address="192.168.0.193" /> <!-- Raspberry Pi IP -->
            </Peers>
        </Discovery>
    </Domain>
</CycloneDDS>
